input_hla,ipd_query,ipd_accession,ipd_allele,sequence_length,sequence_type,match_count
HLA-A01:01,A*01:01,HLA00001,A*01:01:01:01,365,protein,300
HLA-A01:03,A*01:03,HLA00003,A*01:03:01:01,365,protein,4
HLA-A02:01,A*02:01,HLA00005,A*02:01:01:01,365,protein,504
HLA-A02:02,A*02:02,HLA00007,A*02:02:01:01,365,protein,17
HLA-A02:03,A*02:03,HLA00008,A*02:03:01:01,365,protein,24
HLA-A02:04,A*02:04,HLA00009,A*02:04:01,365,protein,2
HLA-A02:05,A*02:05,HLA00010,A*02:05:01:01,365,protein,41
HLA-A02:06,A*02:06,HLA00011,A*02:06:01:01,365,protein,52
HLA-A02:07,A*02:07,HLA00012,A*02:07:01:01,365,protein,34
HLA-A02:11,A*02:11,HLA00016,A*02:11:01:01,365,protein,134
HLA-A02:14,A*02:14,HLA00019,A*02:14,365,protein,13
HLA-A03:01,A*03:01,HLA00037,A*03:01:01:01,365,protein,275
HLA-A03:02,A*03:02,HLA00040,A*03:02:01:01,365,protein,13
HLA-A11:01,A*11:01,HLA00043,A*11:01:01:01,365,protein,239
HLA-A11:02,A*11:02,HLA00044,A*11:02:01:01,365,protein,10
HLA-A23:01,A*23:01,HLA00048,A*23:01:01:01,365,protein,78
HLA-A24:02,A*24:02,HLA00050,A*24:02:01:01,365,protein,342
HLA-A24:06,A*24:06,HLA00056,A*24:06,365,protein,1
HLA-A24:07,A*24:07,HLA00057,A*24:07:01:01,365,protein,7
HLA-A24:13,A*24:13,HLA03101,A*24:13:02,365,protein,14
HLA-A25:01,A*25:01,HLA00071,A*25:01:01:01,365,protein,38
HLA-A26:01,A*26:01,HLA00073,A*26:01:01:01,365,protein,153
HLA-A26:02,A*26:02,HLA00074,A*26:02:01,365,protein,2
HLA-A26:03,A*26:03,HLA00075,A*26:03:01:01,365,protein,5
HLA-A29:02,A*29:02,HLA00086,A*29:02:01:01,365,protein,86
HLA-A30:01,A*30:01,HLA00089,A*30:01:01:01,365,protein,59
HLA-A30:02,A*30:02,HLA00090,A*30:02:01:01,365,protein,59
HLA-A30:03,A*30:03,HLA00091,A*30:03,365,protein,1
HLA-A30:04,A*30:04,HLA00092,A*30:04:01:01,365,protein,7
HLA-A31:01,A*31:01,HLA00097,A*31:01:02:01,365,protein,126
HLA-A32:01,A*32:01,HLA00101,A*32:01:01:01,365,protein,114
HLA-A33:01,A*33:01,HLA00104,A*33:01:01:01,365,protein,42
HLA-A33:03,A*33:03,HLA00106,A*33:03:01:01,365,protein,102
HLA-A34:01,A*34:01,HLA00108,A*34:01:01:01,365,protein,11
HLA-A34:02,A*34:02,HLA00109,A*34:02:01:01,365,protein,15
HLA-A36:01,A*36:01,HLA00110,A*36:01:01:01,365,protein,5
HLA-A66:01,A*66:01,HLA00112,A*66:01:01:01,365,protein,18
HLA-A66:02,A*66:02,HLA00113,A*66:02:01:01,365,protein,4
HLA-A68:01,A*68:01,HLA00115,A*68:01:01:01,365,protein,126
HLA-A68:02,A*68:02,HLA00117,A*68:02:01:01,365,protein,48
HLA-A69:01,A*69:01,HLA00126,A*69:01:01:01,365,protein,8
HLA-A74:01,A*74:01,HLA00127,A*74:01:01:01,365,protein,19
HLA-B07:02,B*07:02,HLA00132,B*07:02:01:01,362,protein,251
HLA-B07:04,B*07:04,HLA00136,B*07:04:01,362,protein,2
HLA-B08:01,B*08:01,HLA00146,B*08:01:01:01,362,protein,168
HLA-B13:01,B*13:01,HLA00152,B*13:01:01:01,362,protein,39
HLA-B13:02,B*13:02,HLA00153,B*13:02:01:01,362,protein,83
HLA-B14:01,B*14:01,HLA00157,B*14:01:01:01,362,protein,29
HLA-B14:02,B*14:02,HLA00158,B*14:02:01:01,362,protein,69
HLA-B14:03,B*14:03,HLA00159,B*14:03,362,protein,1
HLA-B15:01,B*15:01,HLA00162,B*15:01:01:01,362,protein,172
HLA-B15:02,B*15:02,HLA00165,B*15:02:01:01,362,protein,27
HLA-B15:03,B*15:03,HLA00166,B*15:03:01:01,362,protein,28
HLA-B15:08,B*15:08,HLA00171,B*15:08:01:01,362,protein,3
HLA-B15:09,B*15:09,HLA00172,B*15:09:01,362,protein,2
HLA-B15:10,B*15:10,HLA00173,B*15:10:01:01,362,protein,28
HLA-B15:11,B*15:11,HLA00174,B*15:11:01:01,362,protein,20
HLA-B15:13,B*15:13,HLA00176,B*15:13:01,362,protein,12
HLA-B15:16,B*15:16,HLA00179,B*15:16:01:01,362,protein,25
HLA-B15:17,B*15:17,HLA00180,B*15:17:01:01,362,protein,30
HLA-B15:18,B*15:18,HLA00181,B*15:18:01:01,362,protein,34
HLA-B15:42,B*15:42,HLA00205,B*15:42,362,protein,11
HLA-B18:01,B*18:01,HLA00213,B*18:01:01:01,362,protein,160
HLA-B18:03,B*18:03,HLA00215,B*18:03:01:01,362,protein,4
HLA-B27:01,B*27:01,HLA00220,B*27:01,362,protein,1
HLA-B27:02,B*27:02,HLA00221,B*27:02:01:01,362,protein,17
HLA-B27:03,B*27:03,HLA00222,B*27:03:01:01,362,protein,2
HLA-B27:04,B*27:04,HLA00223,B*27:04:01:01,362,protein,7
HLA-B27:05,B*27:05,HLA00225,B*27:05:02:01,362,protein,114
HLA-B27:06,B*27:06,HLA00227,B*27:06:01:01,362,protein,3
HLA-B27:07,B*27:07,HLA00228,B*27:07:01:01,362,protein,8
HLA-B27:08,B*27:08,HLA00229,B*27:08,362,protein,1
HLA-B27:09,B*27:09,HLA00230,B*27:09,362,protein,1
HLA-B27:10,B*27:10,HLA00231,B*27:10,362,protein,11
HLA-B35:01,B*35:01,HLA00237,B*35:01:01:01,362,protein,186
HLA-B35:02,B*35:02,HLA00238,B*35:02:01:01,362,protein,35
HLA-B35:03,B*35:03,HLA00239,B*35:03:01:01,362,protein,88
HLA-B35:04,B*35:04,HLA00240,B*35:04:01:01,362,protein,4
HLA-B35:06,B*35:06,HLA00242,B*35:06,362,protein,1
HLA-B35:07,B*35:07,HLA00243,B*35:07,362,protein,1
HLA-B35:08,B*35:08,HLA00244,B*35:08:01:01,362,protein,32
HLA-B37:01,B*37:01,HLA00265,B*37:01:01:01,362,protein,60
HLA-B38:01,B*38:01,HLA00267,B*38:01:01:01,362,protein,46
HLA-B38:02,B*38:02,HLA00268,B*38:02:01:01,362,protein,24
HLA-B39:01,B*39:01,HLA00271,B*39:01:01:01,362,protein,77
HLA-B39:05,B*39:05,HLA00278,B*39:05:01:01,362,protein,9
HLA-B39:06,B*39:06,HLA00279,B*39:06:01:01,362,protein,19
HLA-B39:09,B*39:09,HLA00283,B*39:09:01:01,362,protein,12
HLA-B39:10,B*39:10,HLA00284,B*39:10:01:01,362,protein,14
HLA-B39:24,B*39:24,HLA01221,B*39:24:01:01,362,protein,9
HLA-B40:01,B*40:01,HLA00291,B*40:01:01,362,protein,168
HLA-B40:02,B*40:02,HLA00293,B*40:02:01:01,362,protein,83
HLA-B40:06,B*40:06,HLA00297,B*40:06:01:01,362,protein,57
HLA-B40:32,B*40:32,HLA01269,B*40:32,362,protein,12
HLA-B41:01,B*41:01,HLA00312,B*41:01:01:01,362,protein,19
HLA-B41:02,B*41:02,HLA00313,B*41:02:01:01,362,protein,24
HLA-B41:03,B*41:03,HLA00314,B*41:03:01,362,protein,2
HLA-B41:04,B*41:04,HLA01256,B*41:04,362,protein,1
HLA-B41:05,B*41:05,HLA01288,B*41:05,181,protein,1
HLA-B41:06,B*41:06,HLA01452,B*41:06,362,protein,1
HLA-B42:01,B*42:01,HLA00315,B*42:01:01:01,362,protein,13
HLA-B44:02,B*44:02,HLA00318,B*44:02:01:01,362,protein,191
HLA-B44:03,B*44:03,HLA00319,B*44:03:01:01,362,protein,166
HLA-B44:05,B*44:05,HLA00322,B*44:05:01:01,362,protein,10
HLA-B44:08,B*44:08,HLA00325,B*44:08,362,protein,1
HLA-B44:09,B*44:09,HLA00326,B*44:09,362,protein,1
HLA-B44:27,B*44:27,HLA01489,B*44:27:01:01,362,protein,19
HLA-B44:28,B*44:28,HLA03203,B*44:28:02,362,protein,13
HLA-B45:01,B*45:01,HLA00329,B*45:01:01:01,362,protein,28
HLA-B46:01,B*46:01,HLA00331,B*46:01:01:01,362,protein,54
HLA-B47:01,B*47:01,HLA01437,B*47:01:01:02,362,protein,13
HLA-B48:01,B*48:01,HLA00335,B*48:01:01:01,362,protein,28
HLA-B49:01,B*49:01,HLA00340,B*49:01:01:01,362,protein,51
HLA-B50:01,B*50:01,HLA00341,B*50:01:01:01,362,protein,41
HLA-B50:02,B*50:02,HLA00342,B*50:02:01:01,362,protein,2
HLA-B51:01,B*51:01,HLA00344,B*51:01:01:01,362,protein,253
HLA-B51:02,B*51:02,HLA00346,B*51:02:01:01,362,protein,10
HLA-B51:08,B*51:08,HLA00353,B*51:08:01:01,362,protein,13
HLA-B52:01,B*52:01,HLA00362,B*52:01:01:01,362,protein,98
HLA-B53:01,B*53:01,HLA00364,B*53:01:01:01,362,protein,46
HLA-B54:01,B*54:01,HLA00367,B*54:01:01:01,362,protein,21
HLA-B55:01,B*55:01,HLA00368,B*55:01:01:01,362,protein,60
HLA-B55:02,B*55:02,HLA00369,B*55:02:01:01,362,protein,28
HLA-B56:01,B*56:01,HLA00376,B*56:01:01:01,362,protein,40
HLA-B57:01,B*57:01,HLA00381,B*57:01:01:01,362,protein,90
HLA-B57:02,B*57:02,HLA00382,B*57:02:01:01,362,protein,6
HLA-B57:03,B*57:03,HLA00383,B*57:03:01:01,362,protein,20
HLA-B58:01,B*58:01,HLA00386,B*58:01:01:01,362,protein,75
HLA-B58:02,B*58:02,HLA00387,B*58:02:01:01,362,protein,7
HLA-B73:01,B*73:01,HLA00392,B*73:01:01:01,363,protein,2
HLA-B81:01,B*81:01,HLA00398,B*81:01:01:01,362,protein,9
HLA-C01:02,C*01:02,HLA00401,C*01:02:01:01,366,protein,188
HLA-C02:02,C*02:02,HLA00404,C*02:02:01,366,protein,167
HLA-C03:02,C*03:02,HLA00410,C*03:02:01,366,protein,57
HLA-C03:03,C*03:03,HLA27616,C*03:03:01:32,372,protein,150
HLA-C03:04,C*03:04,HLA00413,C*03:04:01:01,366,protein,220
HLA-C04:01,C*04:01,HLA00420,C*04:01:01:01,366,protein,385
HLA-C04:03,C*04:03,HLA00423,C*04:03:01:01,366,protein,17
HLA-C05:01,C*05:01,HLA00427,C*05:01:01:01,366,protein,189
HLA-C06:02,C*06:02,HLA00430,C*06:02:01:01,366,protein,246
HLA-C07:01,C*07:01,HLA00433,C*07:01:01:01,366,protein,301
HLA-C07:02,C*07:02,HLA00434,C*07:02:01:01,366,protein,385
HLA-C07:04,C*07:04,HLA00436,C*07:04:01:01,366,protein,53
HLA-C07:06,C*07:06,HLA00438,C*07:06:01:01,366,protein,18
HLA-C08:01,C*08:01,HLA00445,C*08:01:01:01,366,protein,64
HLA-C08:02,C*08:02,HLA00446,C*08:02:01:01,366,protein,91
HLA-C12:02,C*12:02,HLA00453,C*12:02:01,366,protein,90
HLA-C12:03,C*12:03,HLA00455,C*12:03:01:01,366,protein,181
HLA-C12:04,C*12:04,HLA00457,C*12:04:02:01,366,protein,5
HLA-C14:02,C*14:02,HLA00462,C*14:02:01:01,366,protein,83
HLA-C14:03,C*14:03,HLA00464,C*14:03:01:01,366,protein,7
HLA-C15:02,C*15:02,HLA00467,C*15:02:01:01,366,protein,150
HLA-C15:05,C*15:05,HLA00470,C*15:05:01:01,366,protein,38
HLA-C16:01,C*16:01,HLA00475,C*16:01:01:01,366,protein,97
HLA-C16:02,C*16:02,HLA00476,C*16:02:01:01,366,protein,31
HLA-C17:01,C*17:01,HLA04311,C*17:01:01:02,372,protein,51
