setting,method,eval,fold_count,n_total,source_file,accuracy_mean,accuracy_sd,accuracy_mean_sd,precision_mean,precision_sd,precision_mean_sd,recall_mean,recall_sd,recall_mean_sd,f1_mean,f1_sd,f1_mean_sd,auroc_mean,auroc_sd,auroc_mean_sd,auprc_mean,auprc_sd,auprc_mean_sd
AS,DLpTCR,test,5,152264,/home/dataset-assist-0/hpfs/AntigenLM/pTCR2/cv_results/CDR3_only_seen/AS/DLpTCR/test_metrics.csv,0.6499867830648256,0.0021509049643939,0.6500 +/- 0.0022,0.6611036171815351,0.0059683719084789,0.6611 +/- 0.0060,0.616197626147366,0.0263381510765946,0.6162 +/- 0.0263,0.6375247616873571,0.0110559846870774,0.6375 +/- 0.0111,0.7127040572423629,0.0028262955723152,0.7127 +/- 0.0028,0.7240098788178752,0.0019200141735274,0.7240 +/- 0.0019
AS,DLpTCR,seen_independent,5,29410,/home/dataset-assist-0/hpfs/AntigenLM/pTCR2/cv_results/CDR3_only_seen/AS/DLpTCR/seen_independent_metrics.csv,0.5521251275076505,0.005024081893938,0.5521 +/- 0.0050,0.5494169337274005,0.0073046538352983,0.5494 +/- 0.0073,0.5827269636178172,0.0334392388953201,0.5827 +/- 0.0334,0.565064295112548,0.0138739154372559,0.5651 +/- 0.0139,0.5791249671512082,0.0103177704767993,0.5791 +/- 0.0103,0.5767488145360963,0.0110198748050651,0.5767 +/- 0.0110
AS,DLpTCR,unseen_independent,5,15810,/home/dataset-assist-0/hpfs/AntigenLM/pTCR2/cv_results/CDR3_only_seen/AS/DLpTCR/unseen_independent_metrics.csv,0.4947501581277672,0.0060279665450668,0.4948 +/- 0.0060,0.4943981292103576,0.0066316767833695,0.4944 +/- 0.0066,0.4549019607843137,0.0447060505926939,0.4549 +/- 0.0447,0.4729138821248928,0.0234194356250281,0.4729 +/- 0.0234,0.4958826369910555,0.0082336204931882,0.4959 +/- 0.0082,0.4984169277484757,0.0107170756495762,0.4984 +/- 0.0107
AS,ERGO-II,test,5,152264,/home/dataset-assist-0/hpfs/AntigenLM/pTCR2/cv_results/CDR3_only_seen/AS/ERGO-II/test_metrics.csv,0.5618842100672008,0.0360576265152319,0.5619 +/- 0.0361,0.5550475716223351,0.03107570166337,0.5550 +/- 0.0311,0.7131120247720711,0.1823345131097084,0.7131 +/- 0.1823,0.6132307617329371,0.0501318583045819,0.6132 +/- 0.0501,0.5996505020587968,0.0589160091900596,0.5997 +/- 0.0589,0.6080445682097713,0.0627659977283112,0.6080 +/- 0.0628
AS,ERGO-II,seen_independent,5,29410,/home/dataset-assist-0/hpfs/AntigenLM/pTCR2/cv_results/CDR3_only_seen/AS/ERGO-II/seen_independent_metrics.csv,0.5162189731383883,0.0150300940660417,0.5162 +/- 0.0150,0.5130895843985315,0.0113920551618094,0.5131 +/- 0.0114,0.6882012920775246,0.1952538843461906,0.6882 +/- 0.1953,0.5787594354374731,0.0655979488605249,0.5788 +/- 0.0656,0.5286135665249742,0.0222661147918649,0.5286 +/- 0.0223,0.532143549030836,0.0209500510174304,0.5321 +/- 0.0210
AS,ERGO-II,unseen_independent,5,15810,/home/dataset-assist-0/hpfs/AntigenLM/pTCR2/cv_results/CDR3_only_seen/AS/ERGO-II/unseen_independent_metrics.csv,0.500506008855155,0.0057563720041146,0.5005 +/- 0.0058,0.5010650023112666,0.0059101226936239,0.5011 +/- 0.0059,0.6996837444655281,0.1986816843765315,0.6997 +/- 0.1987,0.5744801066428445,0.0674790494583714,0.5745 +/- 0.0675,0.4965853203822591,0.0084503426653571,0.4966 +/- 0.0085,0.4981817514494403,0.0085633407096488,0.4982 +/- 0.0086
AS,PanPep,test,5,152264,/home/dataset-assist-0/hpfs/AntigenLM/pTCR2/cv_results/CDR3_only_seen/AS/PanPep/test_metrics.csv,0.5116099509583032,0.0072831143385527,0.5116 +/- 0.0073,0.5114126757045886,0.006860956185592,0.5114 +/- 0.0069,0.5148073417265573,0.0557381980438414,0.5148 +/- 0.0557,0.511981074192804,0.0290415705299938,0.5120 +/- 0.0290,0.5159242703864677,0.0099404788041466,0.5159 +/- 0.0099,0.5131096375508222,0.0092951360303536,0.5131 +/- 0.0093
AS,PanPep,seen_independent,5,29410,/home/dataset-assist-0/hpfs/AntigenLM/pTCR2/cv_results/CDR3_only_seen/AS/PanPep/seen_independent_metrics.csv,0.5042162529751786,0.0050909468702296,0.5042 +/- 0.0051,0.5039997508231938,0.0060211888879566,0.5040 +/- 0.0060,0.4556273376402583,0.1040206825459946,0.4556 +/- 0.1040,0.4738842648167952,0.0600596239709211,0.4739 +/- 0.0601,0.5062160145793719,0.0034667110639473,0.5062 +/- 0.0035,0.5070306753694281,0.0076296801131755,0.5070 +/- 0.0076
AS,PanPep,unseen_independent,5,15810,/home/dataset-assist-0/hpfs/AntigenLM/pTCR2/cv_results/CDR3_only_seen/AS/PanPep/unseen_independent_metrics.csv,0.5020240354206198,0.0063825663681739,0.5020 +/- 0.0064,0.5020827754286995,0.0067728380171419,0.5021 +/- 0.0068,0.5240986717267552,0.0860489408196868,0.5241 +/- 0.0860,0.5101856612220598,0.0388212457919518,0.5102 +/- 0.0388,0.5060263782320176,0.0085348937147959,0.5060 +/- 0.0085,0.5076514811488414,0.011756502031345,0.5077 +/- 0.0118
AS,T-SCAPE,test,5,152264,/home/dataset-assist-0/hpfs/AntigenLM/pTCR2/cv_results/CDR3_only_seen/AS/T-SCAPE/test_metrics.csv,0.5234017432286344,0.053123064090426,0.5234 +/- 0.0531,0.5005584242055171,0.0734410618562605,0.5006 +/- 0.0734,0.7366032717913107,0.4307728629628948,0.7366 +/- 0.4308,0.5304761683341355,0.2898707097822243,0.5305 +/- 0.2899,0.5398388593891688,0.0824495951409371,0.5398 +/- 0.0824,0.54143921073324,0.0895088730243788,0.5414 +/- 0.0895
AS,T-SCAPE,seen_independent,5,29410,/home/dataset-assist-0/hpfs/AntigenLM/pTCR2/cv_results/CDR3_only_seen/AS/T-SCAPE/seen_independent_metrics.csv,0.5094525671540293,0.0210670697291645,0.5095 +/- 0.0211,0.5268947655277485,0.0419551955270389,0.5269 +/- 0.0420,0.7283917035022102,0.4316029914011837,0.7284 +/- 0.4316,0.5200177181908068,0.2835193805522258,0.5200 +/- 0.2835,0.5134040527980812,0.03602716006636,0.5134 +/- 0.0360,0.5157566431786131,0.0382346562556966,0.5158 +/- 0.0382
AS,T-SCAPE,unseen_independent,5,15810,/home/dataset-assist-0/hpfs/AntigenLM/pTCR2/cv_results/CDR3_only_seen/AS/T-SCAPE/unseen_independent_metrics.csv,0.5010752688172043,0.0022205553044328,0.5011 +/- 0.0022,0.4941930565835289,0.0154643623133223,0.4942 +/- 0.0155,0.7318153067678684,0.4312123047589108,0.7318 +/- 0.4312,0.5171758062010324,0.2826216252587756,0.5172 +/- 0.2826,0.4961958519916097,0.0144098221919039,0.4962 +/- 0.0144,0.4980305044283928,0.0095913414458132,0.4980 +/- 0.0096
AS,UniPMT,test,5,152264,/home/dataset-assist-0/hpfs/AntigenLM/pTCR2/cv_results/CDR3_only_seen/AS/UniPMT/test_metrics.csv,0.6097055866517332,0.0048364519330959,0.6097 +/- 0.0048,0.6092010522408116,0.0094275459173507,0.6092 +/- 0.0094,0.6139624748663316,0.0310693632832001,0.6140 +/- 0.0311,0.6110737132256234,0.0122133075202361,0.6111 +/- 0.0122,0.6641292484765281,0.0047905959505205,0.6641 +/- 0.0048,0.6720994336236272,0.0052244455689018,0.6721 +/- 0.0052
AS,UniPMT,seen_independent,5,29410,/home/dataset-assist-0/hpfs/AntigenLM/pTCR2/cv_results/CDR3_only_seen/AS/UniPMT/seen_independent_metrics.csv,0.5339680380822849,0.0095685692019435,0.5340 +/- 0.0096,0.5337921713727103,0.0107063822016975,0.5338 +/- 0.0107,0.5464807888473309,0.0540286960928303,0.5465 +/- 0.0540,0.5387175600685659,0.0240314285522754,0.5387 +/- 0.0240,0.5543629727610246,0.0060853277881862,0.5544 +/- 0.0061,0.5595416148173763,0.0038025669422154,0.5595 +/- 0.0038
AS,UniPMT,unseen_independent,5,15810,/home/dataset-assist-0/hpfs/AntigenLM/pTCR2/cv_results/CDR3_only_seen/AS/UniPMT/unseen_independent_metrics.csv,0.5097406704617331,0.0045960536684592,0.5097 +/- 0.0046,0.5090050988378141,0.0042436682174705,0.5090 +/- 0.0042,0.5544592030360531,0.0473086991223075,0.5545 +/- 0.0473,0.5299731842107134,0.0212488720057821,0.5300 +/- 0.0212,0.5109578441974411,0.0072552794993691,0.5110 +/- 0.0073,0.5115876544673557,0.011107915699573,0.5116 +/- 0.0111
AS,UnifyImmun,test,5,152264,/home/dataset-assist-0/hpfs/AntigenLM/pTCR2/cv_results/CDR3_only_seen/AS/UnifyImmun/test_metrics.csv,0.6175493651430546,0.0058392898432703,0.6175 +/- 0.0058,0.6200067681797254,0.0119654020600408,0.6200 +/- 0.0120,0.6095846301319261,0.0275389431032225,0.6096 +/- 0.0275,0.614270347526225,0.0096234717844284,0.6143 +/- 0.0096,0.676567664953693,0.0058930064473718,0.6766 +/- 0.0059,0.684924987484157,0.0073580596305183,0.6849 +/- 0.0074
AS,UnifyImmun,seen_independent,5,29410,/home/dataset-assist-0/hpfs/AntigenLM/pTCR2/cv_results/CDR3_only_seen/AS/UnifyImmun/seen_independent_metrics.csv,0.5434206052363142,0.0063470980875883,0.5434 +/- 0.0063,0.540787475390985,0.0077494829548147,0.5408 +/- 0.0077,0.5803468208092486,0.0297546022856238,0.5803 +/- 0.0298,0.5594261593261739,0.0102546819710216,0.5594 +/- 0.0103,0.5642824581035556,0.0062065172150599,0.5643 +/- 0.0062,0.5661802566712393,0.0051974356390733,0.5662 +/- 0.0052
AS,UnifyImmun,unseen_independent,5,15810,/home/dataset-assist-0/hpfs/AntigenLM/pTCR2/cv_results/CDR3_only_seen/AS/UnifyImmun/unseen_independent_metrics.csv,0.5132827324478179,0.0097193923849647,0.5133 +/- 0.0097,0.5133617411007776,0.0100016723532699,0.5134 +/- 0.0100,0.5363693864642631,0.046995614987173,0.5364 +/- 0.0470,0.5235032565684399,0.0193284495641164,0.5235 +/- 0.0193,0.5189830534241813,0.0081389221066696,0.5190 +/- 0.0081,0.5126645649653876,0.0059091179432891,0.5127 +/- 0.0059
HS,DLpTCR,test,5,152264,/home/dataset-assist-0/hpfs/AntigenLM/pTCR2/cv_results/CDR3_only_seen/HS/DLpTCR/test_metrics.csv,0.7005153787580719,0.0044266019233586,0.7005 +/- 0.0044,0.7375759628146258,0.0205938264589127,0.7376 +/- 0.0206,0.6247250532988586,0.0310513701764578,0.6247 +/- 0.0311,0.6756926368086479,0.0102613639781825,0.6757 +/- 0.0103,0.7732067692969415,0.009821115435816,0.7732 +/- 0.0098,0.7859931247837973,0.0126326913889475,0.7860 +/- 0.0126
HS,DLpTCR,seen_independent,5,29410,/home/dataset-assist-0/hpfs/AntigenLM/pTCR2/cv_results/CDR3_only_seen/HS/DLpTCR/seen_independent_metrics.csv,0.6630057803468208,0.0083516375478625,0.6630 +/- 0.0084,0.6994500663261776,0.0334804677383167,0.6995 +/- 0.0335,0.5778306698401905,0.0388365223420728,0.5778 +/- 0.0388,0.6312105809545207,0.0107183868507743,0.6312 +/- 0.0107,0.7256073514699899,0.0122146914174544,0.7256 +/- 0.0122,0.7414572417952199,0.0158399734077468,0.7415 +/- 0.0158
HS,DLpTCR,unseen_independent,5,15810,/home/dataset-assist-0/hpfs/AntigenLM/pTCR2/cv_results/CDR3_only_seen/HS/DLpTCR/unseen_independent_metrics.csv,0.5813409234661606,0.0201901357563978,0.5813 +/- 0.0202,0.6109061726439291,0.034311637062781,0.6109 +/- 0.0343,0.4579380139152436,0.0389572394073013,0.4579 +/- 0.0390,0.5218530760826522,0.0223239345558534,0.5219 +/- 0.0223,0.6212311681931347,0.0228427945890352,0.6212 +/- 0.0228,0.6373253269400452,0.0265818561295212,0.6373 +/- 0.0266
HS,ERGO-II,test,5,152264,/home/dataset-assist-0/hpfs/AntigenLM/pTCR2/cv_results/CDR3_only_seen/HS/ERGO-II/test_metrics.csv,0.6430756465750652,0.0058891298252309,0.6431 +/- 0.0059,0.6781304446846155,0.0247658345121903,0.6781 +/- 0.0248,0.5508543884553082,0.0595193269928517,0.5509 +/- 0.0595,0.605326754637354,0.0306756768910751,0.6053 +/- 0.0307,0.7059265233155902,0.0072252351225816,0.7059 +/- 0.0072,0.7061999985539639,0.0082947538629119,0.7062 +/- 0.0083
HS,ERGO-II,seen_independent,5,29410,/home/dataset-assist-0/hpfs/AntigenLM/pTCR2/cv_results/CDR3_only_seen/HS/ERGO-II/seen_independent_metrics.csv,0.64957497449847,0.0026972213431913,0.6496 +/- 0.0027,0.6871375607162664,0.0273120550071655,0.6871 +/- 0.0273,0.556001360081605,0.0607588010294675,0.5560 +/- 0.0608,0.6118953413736862,0.0293045127284723,0.6119 +/- 0.0293,0.7039708740905957,0.0021479397038364,0.7040 +/- 0.0021,0.7208286939456349,0.0031919382709928,0.7208 +/- 0.0032
HS,ERGO-II,unseen_independent,5,15810,/home/dataset-assist-0/hpfs/AntigenLM/pTCR2/cv_results/CDR3_only_seen/HS/ERGO-II/unseen_independent_metrics.csv,0.6407337128399746,0.0103159433461733,0.6407 +/- 0.0103,0.6798457774868608,0.0228946122923353,0.6798 +/- 0.0229,0.5372549019607843,0.0634494045299861,0.5373 +/- 0.0634,0.5975285393454508,0.0356186998732334,0.5975 +/- 0.0356,0.6866056879588056,0.0067391780488172,0.6866 +/- 0.0067,0.6980051212541647,0.0083830545486005,0.6980 +/- 0.0084
HS,PanPep,test,5,152264,/home/dataset-assist-0/hpfs/AntigenLM/pTCR2/cv_results/CDR3_only_seen/HS/PanPep/test_metrics.csv,0.589596391323657,0.0117224145824325,0.5896 +/- 0.0117,0.5902569582552839,0.0108074499227352,0.5903 +/- 0.0108,0.5855246709320484,0.0186011990476942,0.5855 +/- 0.0186,0.587841137981951,0.0141911224667608,0.5878 +/- 0.0142,0.6230769178244857,0.0140112167934886,0.6231 +/- 0.0140,0.6106839701666212,0.0137330839663938,0.6107 +/- 0.0137
HS,PanPep,seen_independent,5,29410,/home/dataset-assist-0/hpfs/AntigenLM/pTCR2/cv_results/CDR3_only_seen/HS/PanPep/seen_independent_metrics.csv,0.5977218633117987,0.0124557274720949,0.5977 +/- 0.0125,0.5980426942146672,0.0122452289160982,0.5980 +/- 0.0122,0.5965997959877593,0.0391426842775524,0.5966 +/- 0.0391,0.5968188207771545,0.0208283008831399,0.5968 +/- 0.0208,0.6337307984143788,0.0175337202530495,0.6337 +/- 0.0175,0.6278164979812187,0.0118319573923084,0.6278 +/- 0.0118
HS,PanPep,unseen_independent,5,15810,/home/dataset-assist-0/hpfs/AntigenLM/pTCR2/cv_results/CDR3_only_seen/HS/PanPep/unseen_independent_metrics.csv,0.583807716635041,0.0105175769439063,0.5838 +/- 0.0105,0.5849054453823792,0.0132646925316919,0.5849 +/- 0.0133,0.5806451612903226,0.050581115682542,0.5806 +/- 0.0506,0.5816676799136203,0.0236019910722429,0.5817 +/- 0.0236,0.6219141681279232,0.0100059604486253,0.6219 +/- 0.0100,0.6103047045396808,0.0144655751758552,0.6103 +/- 0.0145
HS,T-SCAPE,test,5,152264,/home/dataset-assist-0/hpfs/AntigenLM/pTCR2/cv_results/CDR3_only_seen/HS/T-SCAPE/test_metrics.csv,0.633720965616054,0.1220727782715443,0.6337 +/- 0.1221,0.6708192668101182,0.1561165390648606,0.6708 +/- 0.1561,0.7688089912510211,0.2113932235578059,0.7688 +/- 0.2114,0.6801686082807679,0.0131789860125869,0.6802 +/- 0.0132,0.6817045491220063,0.1658759704336381,0.6817 +/- 0.1659,0.6949297555545721,0.1779483335571825,0.6949 +/- 0.1779
HS,T-SCAPE,seen_independent,5,29410,/home/dataset-assist-0/hpfs/AntigenLM/pTCR2/cv_results/CDR3_only_seen/HS/T-SCAPE/seen_independent_metrics.csv,0.6134648078884734,0.1036200387706865,0.6135 +/- 0.1036,0.6589082851115247,0.1454282757066783,0.6589 +/- 0.1454,0.7279836790207412,0.2485058357377728,0.7280 +/- 0.2485,0.6491105620957087,0.0166062581947937,0.6491 +/- 0.0166,0.6555875549064736,0.1420433713825147,0.6556 +/- 0.1420,0.6754971688571537,0.1602192010941505,0.6755 +/- 0.1602
HS,T-SCAPE,unseen_independent,5,15810,/home/dataset-assist-0/hpfs/AntigenLM/pTCR2/cv_results/CDR3_only_seen/HS/T-SCAPE/unseen_independent_metrics.csv,0.6104996837444656,0.1008829378322755,0.6105 +/- 0.1009,0.6647272322143605,0.1506293647787907,0.6647 +/- 0.1506,0.7120809614168249,0.2632459853589616,0.7121 +/- 0.2632,0.6398856955346364,0.0256201822149761,0.6399 +/- 0.0256,0.6439050697302446,0.1313805409850476,0.6439 +/- 0.1314,0.6686591810895957,0.1539662138038975,0.6687 +/- 0.1540
HS,UniPMT,test,5,152264,/home/dataset-assist-0/hpfs/AntigenLM/pTCR2/cv_results/CDR3_only_seen/HS/UniPMT/test_metrics.csv,0.6576354739686072,0.0016834620025128,0.6576 +/- 0.0017,0.6767701201088272,0.0149296740618726,0.6768 +/- 0.0149,0.6063313534082637,0.0429050357406724,0.6063 +/- 0.0429,0.638528736239083,0.0168436836204716,0.6385 +/- 0.0168,0.7202491979316376,0.0028490938403074,0.7202 +/- 0.0028,0.7212439707363534,0.0026680694999275,0.7212 +/- 0.0027
HS,UniPMT,seen_independent,5,29410,/home/dataset-assist-0/hpfs/AntigenLM/pTCR2/cv_results/CDR3_only_seen/HS/UniPMT/seen_independent_metrics.csv,0.6228833730023802,0.0098146109879039,0.6229 +/- 0.0098,0.6469452101887595,0.0184879431435389,0.6469 +/- 0.0185,0.544576674600476,0.0479854205335401,0.5446 +/- 0.0480,0.5899829841325643,0.0243915185031667,0.5900 +/- 0.0244,0.6748898344305282,0.0119333081728756,0.6749 +/- 0.0119,0.6719164746340874,0.0119025771053767,0.6719 +/- 0.0119
HS,UniPMT,unseen_independent,5,15810,/home/dataset-assist-0/hpfs/AntigenLM/pTCR2/cv_results/CDR3_only_seen/HS/UniPMT/unseen_independent_metrics.csv,0.6035420619860847,0.0035471410228487,0.6035 +/- 0.0035,0.6305431652793528,0.0158688116019283,0.6305 +/- 0.0159,0.5055028462998102,0.0597168837787955,0.5055 +/- 0.0597,0.5589324555765024,0.0298680539572826,0.5589 +/- 0.0299,0.6355220376698149,0.0041038894754919,0.6355 +/- 0.0041,0.6296261816495929,0.0020325824359635,0.6296 +/- 0.0020
HS,UnifyImmun,test,5,152264,/home/dataset-assist-0/hpfs/AntigenLM/pTCR2/cv_results/CDR3_only_seen/HS/UnifyImmun/test_metrics.csv,0.6694797911890263,0.0026765988055804,0.6695 +/- 0.0027,0.688188936541444,0.0233320398438808,0.6882 +/- 0.0233,0.6252401859375437,0.0544246795437075,0.6252 +/- 0.0544,0.6533417117690553,0.0180890891437334,0.6533 +/- 0.0181,0.7359181583558418,0.0052741361865798,0.7359 +/- 0.0053,0.7363791944132345,0.006375403023024,0.7364 +/- 0.0064
HS,UnifyImmun,seen_independent,5,29410,/home/dataset-assist-0/hpfs/AntigenLM/pTCR2/cv_results/CDR3_only_seen/HS/UnifyImmun/seen_independent_metrics.csv,0.6510370622237334,0.005306660831118,0.6510 +/- 0.0053,0.677739208732073,0.0265680344023958,0.6777 +/- 0.0266,0.5836110166609996,0.0628415288858706,0.5836 +/- 0.0628,0.6245174531358441,0.0241738983121996,0.6245 +/- 0.0242,0.7129974503672531,0.0017974021849228,0.7130 +/- 0.0018,0.7194988944704633,0.0022158757961919,0.7195 +/- 0.0022
HS,UnifyImmun,unseen_independent,5,15810,/home/dataset-assist-0/hpfs/AntigenLM/pTCR2/cv_results/CDR3_only_seen/HS/UnifyImmun/unseen_independent_metrics.csv,0.641808981657179,0.0042229292556104,0.6418 +/- 0.0042,0.6662474077059228,0.0250904457932048,0.6662 +/- 0.0251,0.5758380771663505,0.0600928791011317,0.5758 +/- 0.0601,0.6153373503416546,0.0220744786781364,0.6153 +/- 0.0221,0.688079786810564,0.0079341315481046,0.6881 +/- 0.0079,0.6935204289663572,0.0077918007734325,0.6935 +/- 0.0078
PS,DLpTCR,test,5,152264,/home/dataset-assist-0/hpfs/AntigenLM/pTCR2/cv_results/CDR3_only_seen/PS/DLpTCR/test_metrics.csv,0.6895107850881612,0.0030447082028519,0.6895 +/- 0.0030,0.7040874235409902,0.0122447234431845,0.7041 +/- 0.0122,0.6549685909709904,0.0256025994681158,0.6550 +/- 0.0256,0.6782201114367794,0.0091669146179633,0.6782 +/- 0.0092,0.7603806165825558,0.005893044957438,0.7604 +/- 0.0059,0.7696683872279788,0.0063427854443003,0.7697 +/- 0.0063
PS,DLpTCR,seen_independent,5,29410,/home/dataset-assist-0/hpfs/AntigenLM/pTCR2/cv_results/CDR3_only_seen/PS/DLpTCR/seen_independent_metrics.csv,0.64039442366542,0.0065794167287913,0.6404 +/- 0.0066,0.6634533495008135,0.0051588248463783,0.6635 +/- 0.0052,0.5702142128527712,0.0298879673389668,0.5702 +/- 0.0299,0.6129146280550181,0.0166775192746707,0.6129 +/- 0.0167,0.6919346259041439,0.005330474591255,0.6919 +/- 0.0053,0.6871801383675746,0.0057253655549072,0.6872 +/- 0.0057
PS,DLpTCR,unseen_independent,5,15810,/home/dataset-assist-0/hpfs/AntigenLM/pTCR2/cv_results/CDR3_only_seen/PS/DLpTCR/unseen_independent_metrics.csv,0.5509803921568628,0.0136730694767765,0.5510 +/- 0.0137,0.5567344803340932,0.017936506346516,0.5567 +/- 0.0179,0.512460468058191,0.0835865232302769,0.5125 +/- 0.0836,0.5301529659280322,0.0439157041925586,0.5302 +/- 0.0439,0.5715604860213453,0.0126954431576138,0.5716 +/- 0.0127,0.5572114298864749,0.0090334238877423,0.5572 +/- 0.0090
PS,ERGO-II,test,5,152264,/home/dataset-assist-0/hpfs/AntigenLM/pTCR2/cv_results/CDR3_only_seen/PS/ERGO-II/test_metrics.csv,0.6528575299231423,0.0026790217117714,0.6529 +/- 0.0027,0.6633200745549725,0.0176394965634018,0.6633 +/- 0.0176,0.6247202028518467,0.0444140299775865,0.6247 +/- 0.0444,0.6422116324062298,0.0161662731533855,0.6422 +/- 0.0162,0.7139212535946111,0.0029796603537486,0.7139 +/- 0.0030,0.7136372252277556,0.0046068294491278,0.7136 +/- 0.0046
PS,ERGO-II,seen_independent,5,29410,/home/dataset-assist-0/hpfs/AntigenLM/pTCR2/cv_results/CDR3_only_seen/PS/ERGO-II/seen_independent_metrics.csv,0.612104726283577,0.012598317964811,0.6121 +/- 0.0126,0.6371368308612066,0.0210232267496864,0.6371 +/- 0.0210,0.5236994219653179,0.0368050685190455,0.5237 +/- 0.0368,0.5740093223672939,0.020487745737388,0.5740 +/- 0.0205,0.6627097047788186,0.0155207546155008,0.6627 +/- 0.0155,0.6642877335239504,0.0176682293353344,0.6643 +/- 0.0177
PS,ERGO-II,unseen_independent,5,15810,/home/dataset-assist-0/hpfs/AntigenLM/pTCR2/cv_results/CDR3_only_seen/PS/ERGO-II/unseen_independent_metrics.csv,0.5822264389626819,0.0063013468833558,0.5822 +/- 0.0063,0.6030255344673673,0.0112856640927816,0.6030 +/- 0.0113,0.4839974699557242,0.0466761456543687,0.4840 +/- 0.0467,0.5357242851961652,0.0264838423236056,0.5357 +/- 0.0265,0.6083474658149972,0.007348161569744,0.6083 +/- 0.0073,0.6080470277170203,0.0082044034962691,0.6080 +/- 0.0082
PS,PanPep,test,5,152264,/home/dataset-assist-0/hpfs/AntigenLM/pTCR2/cv_results/CDR3_only_seen/PS/PanPep/test_metrics.csv,0.5851384656255394,0.0262654336959266,0.5851 +/- 0.0263,0.5872381519217822,0.0272772393758467,0.5872 +/- 0.0273,0.5737642422415414,0.0306597850948739,0.5738 +/- 0.0307,0.58028554038774,0.0271329163298464,0.5803 +/- 0.0271,0.618613122846391,0.034271425000829,0.6186 +/- 0.0343,0.6125648111255707,0.0334909305084763,0.6126 +/- 0.0335
PS,PanPep,seen_independent,5,29410,/home/dataset-assist-0/hpfs/AntigenLM/pTCR2/cv_results/CDR3_only_seen/PS/PanPep/seen_independent_metrics.csv,0.553417205032302,0.0192218317578687,0.5534 +/- 0.0192,0.561651264444324,0.022950514763733,0.5617 +/- 0.0230,0.488813328799728,0.0223051828226225,0.4888 +/- 0.0223,0.5225225790169095,0.0198424605686516,0.5225 +/- 0.0198,0.5775491963043795,0.0284949240684409,0.5775 +/- 0.0285,0.5753140128474135,0.0286452148685548,0.5753 +/- 0.0286
PS,PanPep,unseen_independent,5,15810,/home/dataset-assist-0/hpfs/AntigenLM/pTCR2/cv_results/CDR3_only_seen/PS/PanPep/unseen_independent_metrics.csv,0.5332068311195446,0.01203642140037,0.5332 +/- 0.0120,0.5359562118453989,0.0119291393728362,0.5360 +/- 0.0119,0.4917141049968374,0.0526992189474208,0.4917 +/- 0.0527,0.511924142720898,0.0304894969019461,0.5119 +/- 0.0305,0.5440760997631184,0.0114210652887989,0.5441 +/- 0.0114,0.5407510476764672,0.0120036396833891,0.5408 +/- 0.0120
PS,T-SCAPE,test,5,152264,/home/dataset-assist-0/hpfs/AntigenLM/pTCR2/cv_results/CDR3_only_seen/PS/T-SCAPE/test_metrics.csv,0.6224387161183726,0.111776365782152,0.6224 +/- 0.1118,0.6333702914761357,0.1217542533376896,0.6334 +/- 0.1218,0.7978613791079879,0.184592269634898,0.7979 +/- 0.1846,0.6815139456951795,0.013756759964537,0.6815 +/- 0.0138,0.6678731928829051,0.1532469351159819,0.6679 +/- 0.1532,0.6739102989356672,0.1587600655771083,0.6739 +/- 0.1588
PS,T-SCAPE,seen_independent,5,29410,/home/dataset-assist-0/hpfs/AntigenLM/pTCR2/cv_results/CDR3_only_seen/PS/T-SCAPE/seen_independent_metrics.csv,0.5960217613056783,0.0876648990102408,0.5960 +/- 0.0877,0.6150918059282631,0.1051000116971542,0.6151 +/- 0.1051,0.7463447806868413,0.2315607584482936,0.7463 +/- 0.2316,0.6442759241499478,0.020448418449891,0.6443 +/- 0.0204,0.6333978535821976,0.1217917385232325,0.6334 +/- 0.1218,0.6385233604207003,0.1265173471066384,0.6385 +/- 0.1265
PS,T-SCAPE,unseen_independent,5,15810,/home/dataset-assist-0/hpfs/AntigenLM/pTCR2/cv_results/CDR3_only_seen/PS/T-SCAPE/unseen_independent_metrics.csv,0.5565464895635674,0.0518492244191559,0.5565 +/- 0.0518,0.5728267411275982,0.0665318907632744,0.5728 +/- 0.0665,0.6893105629348513,0.2841908904936421,0.6893 +/- 0.2842,0.5923421922145604,0.0689645633598571,0.5923 +/- 0.0690,0.5818449319700539,0.0748554740539118,0.5818 +/- 0.0749,0.5772673122062906,0.0711057570556395,0.5773 +/- 0.0711
PS,UniPMT,test,5,152264,/home/dataset-assist-0/hpfs/AntigenLM/pTCR2/cv_results/CDR3_only_seen/PS/UniPMT/test_metrics.csv,0.6442228688621048,0.0047916849290447,0.6442 +/- 0.0048,0.6469667846230245,0.0155147112469185,0.6470 +/- 0.0155,0.6381130962430921,0.0360718715017007,0.6381 +/- 0.0361,0.6417015639031872,0.0110213205349081,0.6417 +/- 0.0110,0.704290338456436,0.0050130063045549,0.7043 +/- 0.0050,0.7101238336288724,0.0053681598049113,0.7101 +/- 0.0054
PS,UniPMT,seen_independent,5,29410,/home/dataset-assist-0/hpfs/AntigenLM/pTCR2/cv_results/CDR3_only_seen/PS/UniPMT/seen_independent_metrics.csv,0.6010540632437946,0.0043069996474035,0.6011 +/- 0.0043,0.6127623998502589,0.0137006509247728,0.6128 +/- 0.0137,0.5533492009520572,0.0456062305382052,0.5533 +/- 0.0456,0.5803214998074289,0.0195416869468774,0.5803 +/- 0.0195,0.6410221029446738,0.003607649796071,0.6410 +/- 0.0036,0.6369209147969548,0.0041578557364354,0.6369 +/- 0.0042
PS,UniPMT,unseen_independent,5,15810,/home/dataset-assist-0/hpfs/AntigenLM/pTCR2/cv_results/CDR3_only_seen/PS/UniPMT/unseen_independent_metrics.csv,0.555787476280835,0.0088624935706564,0.5558 +/- 0.0089,0.5640905965332939,0.0073421750312544,0.5641 +/- 0.0073,0.489943074003795,0.047593253247469,0.4899 +/- 0.0476,0.5234920175841377,0.0291952113767164,0.5235 +/- 0.0292,0.5749913284772806,0.0098753950446801,0.5750 +/- 0.0099,0.5652829992762639,0.0055228761846906,0.5653 +/- 0.0055
PS,UnifyImmun,test,5,152264,/home/dataset-assist-0/hpfs/AntigenLM/pTCR2/cv_results/CDR3_only_seen/PS/UnifyImmun/test_metrics.csv,0.6665810947332389,0.007710401261075,0.6666 +/- 0.0077,0.6944076625776866,0.0182916414693156,0.6944 +/- 0.0183,0.5991934443365066,0.0633644403823198,0.5992 +/- 0.0634,0.6410219966336463,0.0307736625423941,0.6410 +/- 0.0308,0.7342479246030181,0.0041504621030482,0.7342 +/- 0.0042,0.7395300507247814,0.0045518844025776,0.7395 +/- 0.0046
PS,UnifyImmun,seen_independent,5,29410,/home/dataset-assist-0/hpfs/AntigenLM/pTCR2/cv_results/CDR3_only_seen/PS/UnifyImmun/seen_independent_metrics.csv,0.607684461067664,0.010655585135064,0.6077 +/- 0.0107,0.6473241398997331,0.0125299091361368,0.6473 +/- 0.0125,0.4769806188371303,0.0707660797454323,0.4770 +/- 0.0708,0.5461807701631438,0.0454721910846985,0.5462 +/- 0.0455,0.6634911273867183,0.0082025652675841,0.6635 +/- 0.0082,0.6588934721259372,0.0061409952486055,0.6589 +/- 0.0061
PS,UnifyImmun,unseen_independent,5,15810,/home/dataset-assist-0/hpfs/AntigenLM/pTCR2/cv_results/CDR3_only_seen/PS/UnifyImmun/unseen_independent_metrics.csv,0.5647058823529412,0.0058168669910307,0.5647 +/- 0.0058,0.5852161785399679,0.0095434941071105,0.5852 +/- 0.0095,0.446426312460468,0.0358595287902583,0.4464 +/- 0.0359,0.5056815648256585,0.0211600184275803,0.5057 +/- 0.0212,0.5927609688261258,0.0067203261385831,0.5928 +/- 0.0067,0.5955960845703855,0.0087654920913008,0.5956 +/- 0.0088
